year,prop,age
1981.637977,0.007952286282,2
1981.722508,0.007952286282,2
1981.807039,0.007952286282,2
1981.89157,0.007952286282,2
1981.976101,0.007952286282,2
1982.060632,0.007952286282,2
1982.145163,0.007952286282,2
1982.229693,0.007952286282,2
1982.314224,0.007952286282,2
1982.377622,0.007952286282,2
1982.610082,0.03679024753,2
1982.694613,0.03679024753,2
1982.779144,0.03679024753,2
1982.863675,0.03679024753,2
1982.948206,0.03679024753,2
1983.032736,0.03679024753,2
1983.117267,0.03679024753,2
1983.201798,0.03679024753,2
1983.286329,0.03679024753,2
1983.37086,0.03679024753,2
1983.624452,0.01756494003,2
1983.708983,0.01756494003,2
1983.793514,0.01756494003,2
1983.878045,0.01756494003,2
1983.962576,0.01756494003,2
1984.047107,0.01756494003,2
1984.131638,0.01756494003,2
1984.216168,0.01756494003,2
1984.300699,0.01756494003,2
1984.38523,0.01756494003,2
1984.638823,0.1233041313,2
1984.723354,0.1233041313,2
1984.807884,0.1233041313,2
1984.892415,0.1233041313,2
1984.976946,0.1233041313,2
1985.061477,0.1233041313,2
1985.146008,0.1233041313,2
1985.230539,0.1233041313,2
1985.31507,0.1233041313,2
1985.378468,0.1233041313,2
1986.625298,0.0415965744,2
1986.709829,0.0415965744,2
1986.794359,0.0415965744,2
1986.87889,0.0415965744,2
1986.963421,0.0415965744,2
1987.047952,0.0415965744,2
1987.132483,0.0415965744,2
1987.217014,0.0415965744,2
1987.301545,0.0415965744,2
1987.364943,0.0415965744,2
1987.639668,0.1136914775,2
1987.724199,0.1136914775,2
1987.80873,0.1136914775,2
1987.893261,0.1136914775,2
1987.977791,0.1136914775,2
1988.062322,0.1136914775,2
1988.146853,0.1136914775,2
1988.231384,0.1136914775,2
1988.315915,0.1136914775,2
1988.379313,0.1136914775,2
1988.611773,0.0111565042,2
1988.696304,0.0111565042,2
1988.780835,0.0111565042,2
1988.865365,0.0111565042,2
1988.949896,0.0111565042,2
1989.034427,0.0111565042,2
1989.118958,0.0111565042,2
1989.203489,0.0111565042,2
1989.28802,0.0111565042,2
1989.372551,0.0111565042,2
1989.626143,0.01596283107,2
1989.710674,0.01596283107,2
1989.795205,0.01596283107,2
1989.879736,0.01596283107,2
1989.964267,0.01596283107,2
1990.048797,0.01596283107,2
1990.133328,0.01596283107,2
1990.217859,0.01596283107,2
1990.30239,0.01596283107,2
1990.365788,0.01596283107,2
1990.598248,0.1617547462,2
1990.682779,0.1617547462,2
1990.76731,0.1617547462,2
1990.85184,0.1617547462,2
1990.936371,0.1617547462,2
1991.020902,0.1617547462,2
1991.105433,0.1617547462,2
1991.189964,0.1617547462,2
1991.274495,0.1617547462,2
1991.359026,0.1617547462,2
1991.612618,0.3347825137,2
1991.697149,0.3347825137,2
1991.78168,0.3347825137,2
1991.866211,0.3347825137,2
1991.950742,0.3347825137,2
1992.035272,0.3347825137,2
1992.119803,0.3347825137,2
1992.204334,0.3347825137,2
1992.288865,0.3347825137,2
1992.373396,0.3347825137,2
1992.626988,0.08325140731,2
1992.711519,0.08325140731,2
1992.79605,0.08325140731,2
1992.880581,0.08325140731,2
1992.965112,0.08325140731,2
1993.049643,0.08325140731,2
1993.134174,0.08325140731,2
1993.218704,0.08325140731,2
1993.303235,0.08325140731,2
1993.366633,0.08325140731,2
1993.599093,0.3443951675,2
1993.683624,0.3443951675,2
1993.768155,0.3443951675,2
1993.852686,0.3443951675,2
1993.937217,0.3443951675,2
1994.021747,0.3443951675,2
1994.106278,0.3443951675,2
1994.190809,0.3443951675,2
1994.27534,0.3443951675,2
1994.359871,0.3443951675,2
1994.613463,0.495794464,2
1994.697994,0.4965955185,2
1994.782525,0.4965955185,2
1994.867056,0.4965955185,2
1994.951587,0.4965955185,2
1995.036118,0.4965955185,2
1995.120649,0.4965955185,2
1995.205179,0.4965955185,2
1995.28971,0.4965955185,2
1995.374241,0.495794464,2
1995.627834,0.3892542183,2
1995.712365,0.3892542183,2
1995.796895,0.3892542183,2
1995.881426,0.3892542183,2
1995.965957,0.3892542183,2
1996.050488,0.3892542183,2
1996.135019,0.3892542183,2
1996.21955,0.3892542183,2
1996.304081,0.3892542183,2
1996.367479,0.3892542183,2
1996.599939,0.6319737254,2
1996.684469,0.6327747799,2
1996.769,0.6327747799,2
1996.853531,0.6327747799,2
1996.938062,0.6327747799,2
1997.022593,0.6327747799,2
1997.107124,0.6327747799,2
1997.191654,0.6327747799,2
1997.276185,0.6327747799,2
1997.360716,0.6319737254,2
1997.614309,0.5462608962,2
1997.69884,0.5462608962,2
1997.78337,0.5462608962,2
1997.867901,0.5462608962,2
1997.952432,0.5462608962,2
1998.036963,0.5462608962,2
1998.121494,0.5462608962,2
1998.206025,0.5462608962,2
1998.290556,0.5462608962,2
1998.375086,0.5462608962,2
1998.628679,0.5046060633,2
1998.71321,0.5046060633,2
1998.797741,0.5046060633,2
1998.882272,0.5046060633,2
1998.966802,0.5046060633,2
1999.051333,0.5046060633,2
1999.135864,0.5046060633,2
1999.220395,0.5046060633,2
1999.304926,0.5046060633,2
1999.368324,0.5046060633,2
1999.600784,0.3812436735,2
1999.685315,0.3812436735,2
1999.769846,0.3812436735,2
1999.854376,0.3812436735,2
1999.938907,0.3812436735,2
2000.023438,0.3812436735,2
2000.107969,0.3812436735,2
2000.1925,0.3812436735,2
2000.277031,0.3812436735,2
2000.361562,0.3812436735,2
2000.615154,0.477370211,2
2000.699685,0.477370211,2
2000.784216,0.477370211,2
2000.868747,0.477370211,2
2000.953277,0.477370211,2
2001.037808,0.477370211,2
2001.122339,0.477370211,2
2001.20687,0.477370211,2
2001.291401,0.477370211,2
2001.375932,0.477370211,2
2001.629524,0.5030039543,2
2001.714055,0.5030039543,2
2001.798586,0.5030039543,2
2001.883117,0.5030039543,2
2001.967648,0.5030039543,2
2002.052179,0.5030039543,2
2002.136709,0.5030039543,2
2002.22124,0.5030039543,2
2002.305771,0.5030039543,2
2002.369169,0.5030039543,2
2002.601629,0.6263663441,2
2002.68616,0.6263663441,2
2002.770691,0.6263663441,2
2002.855222,0.6263663441,2
2002.939753,0.6263663441,2
2003.024283,0.6263663441,2
2003.108814,0.6263663441,2
2003.193345,0.6263663441,2
2003.277876,0.6263663441,2
2003.362407,0.6263663441,2
2003.615999,0.5270355887,2
2003.70053,0.5270355887,2
2003.785061,0.5270355887,2
2003.869592,0.5270355887,2
2003.954123,0.5270355887,2
2004.038654,0.5270355887,2
2004.123185,0.5270355887,2
2004.207715,0.5270355887,2
2004.292246,0.5270355887,2
2004.376777,0.5270355887,2
2004.63037,0.2723002643,2
2004.7149,0.2723002643,2
2004.799431,0.2723002643,2
2004.883962,0.2723002643,2
2004.968493,0.2723002643,2
2005.053024,0.2723002643,2
2005.137555,0.2723002643,2
2005.222086,0.2723002643,2
2005.306616,0.2723002643,2
2005.370015,0.2723002643,2
2005.602474,0.5638840947,2
2005.687005,0.5638840947,2
2005.771536,0.5638840947,2
2005.856067,0.5638840947,2
2005.940598,0.5638840947,2
2006.025129,0.5638840947,2
2006.10966,0.5638840947,2
2006.19419,0.5638840947,2
2006.278721,0.5638840947,2
2006.363252,0.5638840947,2
2006.616845,0.4821765378,2
2006.701376,0.4821765378,2
2006.785906,0.4821765378,2
2006.870437,0.4821765378,2
2006.954968,0.4821765378,2
2007.039499,0.4821765378,2
2007.12403,0.4821765378,2
2007.208561,0.4821765378,2
2007.293092,0.4821765378,2
2007.35649,0.4821765378,2
2007.631215,0.3844478914,2
2007.715746,0.3844478914,2
2007.800277,0.3844478914,2
2007.884808,0.3844478914,2
2007.969338,0.3844478914,2
2008.053869,0.3844478914,2
2008.1384,0.3844478914,2
2008.222931,0.3844478914,2
2008.307462,0.3844478914,2
2008.37086,0.3844478914,2
2008.60332,0.6247642351,2
2008.687851,0.6247642351,2
2008.772381,0.6247642351,2
2008.856912,0.6247642351,2
2008.941443,0.6247642351,2
2009.025974,0.6247642351,2
2009.110505,0.6247642351,2
2009.195036,0.6247642351,2
2009.279567,0.6247642351,2
2009.364097,0.6247642351,2
2009.61769,0.5030039543,2
2009.702221,0.5030039543,2
2009.786752,0.5030039543,2
2009.871283,0.5030039543,2
2009.955813,0.5030039543,2
2010.040344,0.5030039543,2
2010.124875,0.5030039543,2
2010.209406,0.5030039543,2
2010.293937,0.5030039543,2
2010.357335,0.5030039543,2
2010.63206,0.4309090512,2
2010.716591,0.4309090512,2
2010.801122,0.4309090512,2
2010.885653,0.4309090512,2
2010.970184,0.4309090512,2
2011.054715,0.4309090512,2
2011.139245,0.4309090512,2
2011.223776,0.4309090512,2
2011.308307,0.4309090512,2
2011.371705,0.4293069422,2
2011.604165,0.5286376976,2
2011.688696,0.5286376976,2
2011.773227,0.5286376976,2
2011.857758,0.5286376976,2
2011.942288,0.5286376976,2
2012.026819,0.5286376976,2
2012.11135,0.5286376976,2
2012.195881,0.5286376976,2
2012.280412,0.5286376976,2
2012.364943,0.5278366431,2
2012.618535,0.4565427945,2
2012.703066,0.4565427945,2
2012.787597,0.4565427945,2
2012.872128,0.4565427945,2
2012.956659,0.4565427945,2
2013.04119,0.4565427945,2
2013.12572,0.4565427945,2
2013.210251,0.4565427945,2
2013.294782,0.4565427945,2
2013.35818,0.4565427945,2
2013.59064,0.03999446544,2
2013.675171,0.03999446544,2
2013.759702,0.03999446544,2
2013.844233,0.03999446544,2
2013.928764,0.03999446544,2
2014.013294,0.03999446544,2
2014.097825,0.03999446544,2
2014.182356,0.03999446544,2
2014.266887,0.03999446544,2
2014.351418,0.03999446544,2
2014.60501,0.1849853261,2
2014.689541,0.1857863806,2
2014.774072,0.1857863806,2
2014.858603,0.1857863806,2
2014.943134,0.1857863806,2
2015.027665,0.1857863806,2
2015.112195,0.1857863806,2
2015.196726,0.1857863806,2
2015.281257,0.1857863806,2
2015.365788,0.1849853261,2
2015.619381,0.2242369956,2
2015.703911,0.2242369956,2
2015.788442,0.2242369956,2
2015.872973,0.2242369956,2
2015.957504,0.2242369956,2
2016.042035,0.2242369956,2
2016.126566,0.2242369956,2
2016.211097,0.2242369956,2
2016.295627,0.2242369956,2
2016.380158,0.2234359411,2
2016.591485,0.7625456055,2
2016.676016,0.7625456055,2
2016.760547,0.7625456055,2
2016.845078,0.7625456055,2
2016.929609,0.7625456055,2
2017.01414,0.7625456055,2
2017.098671,0.7625456055,2
2017.183201,0.7625456055,2
2017.267732,0.7625456055,2
2017.352263,0.7625456055,2
2017.605856,0.5767009664,2
2017.690387,0.5767009664,2
2017.774917,0.5767009664,2
2017.859448,0.5767009664,2
2017.943979,0.5767009664,2
2018.02851,0.5767009664,2
2018.113041,0.5767009664,2
2018.197572,0.5767009664,2
2018.282103,0.5767009664,2
2018.366633,0.5767009664,2
2018.620226,0.4933913005,2
2018.704757,0.4933913005,2
2018.789288,0.4933913005,2
2018.873818,0.4933913005,2
2018.958349,0.4933913005,2
2019.04288,0.4933913005,2
2019.127411,0.4933913005,2
2019.211942,0.4933913005,2
2019.296473,0.4933913005,2
2019.359871,0.4933913005,2
2021.874664,0.3492014943,2
2021.959195,0.3492014943,2
2022.043726,0.3492014943,2
2022.128256,0.3492014943,2
2022.212787,0.3492014943,2
2022.297318,0.3492014943,2
2022.381849,0.3492014943,2
2022.46638,0.3492014943,2
2022.550911,0.3492014943,2
2022.635441,0.3492014943,2
2022.719972,0.3492014943,2
2022.804503,0.3492014943,2
2022.889034,0.3492014943,2
2022.973565,0.3492014943,2
2023.058096,0.3492014943,2
2023.142627,0.3492014943,2
2023.227157,0.3492014943,2
2023.311688,0.3492014943,2
2023.396219,0.3492014943,2
2023.48075,0.3492014943,2
2023.565281,0.3492014943,2
2023.649812,0.3492014943,2
2023.734343,0.3492014943,2
2023.818873,0.3492014943,2
2023.903404,0.3484004399,2
1979.651502,0.4036731989,3
1979.736033,0.4036731989,3
1979.820564,0.4036731989,3
1979.905095,0.4036731989,3
1979.989626,0.4036731989,3
1980.074157,0.4036731989,3
1980.158687,0.4036731989,3
1980.243218,0.4036731989,3
1980.327749,0.4036731989,3
1980.391147,0.4036731989,3
1980.623607,0.3443951675,3
1980.708138,0.3443951675,3
1980.792669,0.3443951675,3
1980.8772,0.3443951675,3
1980.961731,0.3443951675,3
1981.046261,0.3443951675,3
1981.130792,0.3443951675,3
1981.215323,0.3443951675,3
1981.299854,0.3443951675,3
1981.384385,0.3443951675,3
1981.637977,0.8458552713,3
1981.722508,0.8458552713,3
1981.807039,0.8458552713,3
1981.89157,0.8458552713,3
1981.976101,0.8458552713,3
1982.060632,0.8458552713,3
1982.145163,0.8458552713,3
1982.229693,0.8458552713,3
1982.314224,0.8458552713,3
1982.377622,0.8458552713,3
1982.610082,0.6487958695,3
1982.694613,0.6487958695,3
1982.779144,0.6487958695,3
1982.863675,0.6487958695,3
1982.948206,0.6487958695,3
1983.032736,0.6487958695,3
1983.117267,0.6487958695,3
1983.201798,0.6487958695,3
1983.286329,0.6487958695,3
1983.37086,0.6487958695,3
1983.624452,0.4100816347,3
1983.708983,0.4100816347,3
1983.793514,0.4100816347,3
1983.878045,0.4100816347,3
1983.962576,0.4100816347,3
1984.047107,0.4100816347,3
1984.131638,0.4100816347,3
1984.216168,0.4100816347,3
1984.300699,0.4100816347,3
1984.38523,0.4100816347,3
1984.638823,0.7305034263,3
1984.723354,0.7305034263,3
1984.807884,0.7305034263,3
1984.892415,0.7305034263,3
1984.976946,0.7305034263,3
1985.061477,0.7305034263,3
1985.146008,0.7305034263,3
1985.230539,0.7305034263,3
1985.31507,0.7305034263,3
1985.378468,0.7305034263,3
1985.610928,0.6215600172,3
1985.695458,0.6215600172,3
1985.779989,0.6215600172,3
1985.86452,0.6215600172,3
1985.949051,0.6215600172,3
1986.033582,0.6215600172,3
1986.118113,0.6215600172,3
1986.202644,0.6215600172,3
1986.287174,0.6215600172,3
1986.371705,0.6215600172,3
1986.625298,0.2194306687,3
1986.709829,0.2194306687,3
1986.794359,0.2194306687,3
1986.87889,0.2194306687,3
1986.963421,0.2194306687,3
1987.047952,0.2194306687,3
1987.132483,0.2194306687,3
1987.217014,0.2194306687,3
1987.301545,0.2194306687,3
1987.364943,0.2194306687,3
1987.639668,0.6968591382,3
1987.724199,0.6968591382,3
1987.80873,0.6968591382,3
1987.893261,0.6968591382,3
1987.977791,0.6968591382,3
1988.062322,0.6968591382,3
1988.146853,0.6968591382,3
1988.231384,0.6968591382,3
1988.315915,0.6968591382,3
1988.379313,0.6968591382,3
1988.611773,0.7577392786,3
1988.696304,0.7577392786,3
1988.780835,0.7577392786,3
1988.865365,0.7577392786,3
1988.949896,0.7577392786,3
1989.034427,0.7577392786,3
1989.118958,0.7577392786,3
1989.203489,0.7577392786,3
1989.28802,0.7577392786,3
1989.372551,0.7577392786,3
1989.626143,0.4453280318,3
1989.710674,0.4453280318,3
1989.795205,0.4453280318,3
1989.879736,0.4453280318,3
1989.964267,0.4453280318,3
1990.048797,0.4453280318,3
1990.133328,0.4453280318,3
1990.217859,0.4453280318,3
1990.30239,0.4453280318,3
1990.365788,0.4453280318,3
1990.598248,0.6520000874,3
1990.682779,0.6520000874,3
1990.76731,0.6520000874,3
1990.85184,0.6520000874,3
1990.936371,0.6520000874,3
1991.020902,0.6520000874,3
1991.105433,0.6520000874,3
1991.189964,0.6520000874,3
1991.274495,0.6520000874,3
1991.359026,0.6520000874,3
1991.612618,0.933971264,3
1991.697149,0.933971264,3
1991.78168,0.933971264,3
1991.866211,0.933971264,3
1991.950742,0.933971264,3
1992.035272,0.933971264,3
1992.119803,0.933971264,3
1992.204334,0.933971264,3
1992.288865,0.933971264,3
1992.373396,0.933971264,3
1992.626988,0.9227565013,3
1992.711519,0.9227565013,3
1992.79605,0.9227565013,3
1992.880581,0.9227565013,3
1992.965112,0.9227565013,3
1993.049643,0.9227565013,3
1993.134174,0.9227565013,3
1993.218704,0.9227565013,3
1993.303235,0.9227565013,3
1993.366633,0.9227565013,3
1993.599093,0.8362426176,3
1993.683624,0.8362426176,3
1993.768155,0.8362426176,3
1993.852686,0.8362426176,3
1993.937217,0.8362426176,3
1994.021747,0.8362426176,3
1994.106278,0.8362426176,3
1994.190809,0.8362426176,3
1994.27534,0.8362426176,3
1994.359871,0.8362426176,3
1994.613463,0.9676155521,3
1994.697994,0.9676155521,3
1994.782525,0.9676155521,3
1994.867056,0.9676155521,3
1994.951587,0.9676155521,3
1995.036118,0.9676155521,3
1995.120649,0.9676155521,3
1995.205179,0.9676155521,3
1995.28971,0.9676155521,3
1995.374241,0.9676155521,3
1995.627834,0.9483902446,3
1995.712365,0.9483902446,3
1995.796895,0.9483902446,3
1995.881426,0.9483902446,3
1995.965957,0.9483902446,3
1996.050488,0.9483902446,3
1996.135019,0.9483902446,3
1996.21955,0.9483902446,3
1996.304081,0.9483902446,3
1996.367479,0.9483902446,3
1996.599939,0.9179501744,3
1996.684469,0.9179501744,3
1996.769,0.9179501744,3
1996.853531,0.9179501744,3
1996.938062,0.9179501744,3
1997.022593,0.9179501744,3
1997.107124,0.9179501744,3
1997.191654,0.9179501744,3
1997.276185,0.9179501744,3
1997.360716,0.9179501744,3
1997.614309,0.9419818088,3
1997.69884,0.9419818088,3
1997.78337,0.9419818088,3
1997.867901,0.9419818088,3
1997.952432,0.9419818088,3
1998.036963,0.9419818088,3
1998.121494,0.9419818088,3
1998.206025,0.9419818088,3
1998.290556,0.9419818088,3
1998.375086,0.9419818088,3
1998.628679,0.9531965715,3
1998.71321,0.9531965715,3
1998.797741,0.9531965715,3
1998.882272,0.9531965715,3
1998.966802,0.9531965715,3
1999.051333,0.9531965715,3
1999.135864,0.9531965715,3
1999.220395,0.9531965715,3
1999.304926,0.9531965715,3
1999.368324,0.9531965715,3
1999.600784,0.8458552713,3
1999.685315,0.8458552713,3
1999.769846,0.8458552713,3
1999.854376,0.8458552713,3
1999.938907,0.8458552713,3
2000.023438,0.8458552713,3
2000.107969,0.8458552713,3
2000.1925,0.8458552713,3
2000.277031,0.8458552713,3
2000.361562,0.8458552713,3
2000.615154,0.9227565013,3
2000.699685,0.9227565013,3
2000.784216,0.9227565013,3
2000.868747,0.9227565013,3
2000.953277,0.9227565013,3
2001.037808,0.9227565013,3
2001.122339,0.9227565013,3
2001.20687,0.9227565013,3
2001.291401,0.9227565013,3
2001.375932,0.9227565013,3
2001.629524,0.9307670461,3
2001.714055,0.9307670461,3
2001.798586,0.9307670461,3
2001.883117,0.9307670461,3
2001.967648,0.9307670461,3
2002.052179,0.9307670461,3
2002.136709,0.9307670461,3
2002.22124,0.9307670461,3
2002.305771,0.9307670461,3
2002.369169,0.9307670461,3
2002.601629,0.9515944625,3
2002.68616,0.9515944625,3
2002.770691,0.9515944625,3
2002.855222,0.9515944625,3
2002.939753,0.9515944625,3
2003.024283,0.9515944625,3
2003.108814,0.9515944625,3
2003.193345,0.9515944625,3
2003.277876,0.9515944625,3
2003.362407,0.9515944625,3
2003.615999,0.9419818088,3
2003.70053,0.9419818088,3
2003.785061,0.9419818088,3
2003.869592,0.9419818088,3
2003.954123,0.9419818088,3
2004.038654,0.9419818088,3
2004.123185,0.9419818088,3
2004.207715,0.9419818088,3
2004.292246,0.9419818088,3
2004.376777,0.9419818088,3
2004.63037,0.8490594892,3
2004.7149,0.8490594892,3
2004.799431,0.8490594892,3
2004.883962,0.8490594892,3
2004.968493,0.8490594892,3
2005.053024,0.8490594892,3
2005.137555,0.8490594892,3
2005.222086,0.8490594892,3
2005.306616,0.8490594892,3
2005.370015,0.8490594892,3
2005.602474,0.9115417386,3
2005.687005,0.9115417386,3
2005.771536,0.9115417386,3
2005.856067,0.9115417386,3
2005.940598,0.9115417386,3
2006.025129,0.9115417386,3
2006.10966,0.9115417386,3
2006.19419,0.9115417386,3
2006.278721,0.9115417386,3
2006.363252,0.9115417386,3
2006.616845,0.8875101042,3
2006.701376,0.8875101042,3
2006.785906,0.8875101042,3
2006.870437,0.8875101042,3
2006.954968,0.8875101042,3
2007.039499,0.8875101042,3
2007.12403,0.8875101042,3
2007.208561,0.8875101042,3
2007.293092,0.8875101042,3
2007.35649,0.8875101042,3
2007.631215,0.9051333027,3
2007.715746,0.9051333027,3
2007.800277,0.9051333027,3
2007.884808,0.9051333027,3
2007.969338,0.9051333027,3
2008.053869,0.9051333027,3
2008.1384,0.9051333027,3
2008.222931,0.9051333027,3
2008.307462,0.9051333027,3
2008.37086,0.9051333027,3
2008.60332,0.9652123887,3
2008.687851,0.9660134432,3
2008.772381,0.9660134432,3
2008.856912,0.9660134432,3
2008.941443,0.9660134432,3
2009.025974,0.9660134432,3
2009.110505,0.9660134432,3
2009.195036,0.9660134432,3
2009.279567,0.9660134432,3
2009.364097,0.9660134432,3
2009.61769,0.9836366417,3
2009.702221,0.9836366417,3
2009.786752,0.9836366417,3
2009.871283,0.9836366417,3
2009.955813,0.9836366417,3
2010.040344,0.9836366417,3
2010.124875,0.9836366417,3
2010.209406,0.9836366417,3
2010.293937,0.9836366417,3
2010.357335,0.9836366417,3
2010.63206,0.9371754819,3
2010.716591,0.9371754819,3
2010.801122,0.9371754819,3
2010.885653,0.9371754819,3
2010.970184,0.9371754819,3
2011.054715,0.9371754819,3
2011.139245,0.9371754819,3
2011.223776,0.9371754819,3
2011.308307,0.9371754819,3
2011.371705,0.9371754819,3
2011.604165,0.9283638826,3
2011.688696,0.9291649371,3
2011.773227,0.9291649371,3
2011.857758,0.9291649371,3
2011.942288,0.9291649371,3
2012.026819,0.9291649371,3
2012.11135,0.9291649371,3
2012.195881,0.9291649371,3
2012.280412,0.9291649371,3
2012.364943,0.9291649371,3
2012.618535,0.9692176611,3
2012.703066,0.9692176611,3
2012.787597,0.9692176611,3
2012.872128,0.9692176611,3
2012.956659,0.9692176611,3
2013.04119,0.9692176611,3
2013.12572,0.9692176611,3
2013.210251,0.9692176611,3
2013.294782,0.9692176611,3
2013.35818,0.9692176611,3
2013.59064,0.8490594892,3
2013.675171,0.8490594892,3
2013.759702,0.8490594892,3
2013.844233,0.8490594892,3
2013.928764,0.8490594892,3
2014.013294,0.8490594892,3
2014.097825,0.8490594892,3
2014.182356,0.8490594892,3
2014.266887,0.8490594892,3
2014.351418,0.8490594892,3
2014.60501,0.897122758,3
2014.689541,0.897122758,3
2014.774072,0.897122758,3
2014.858603,0.897122758,3
2014.943134,0.897122758,3
2015.027665,0.897122758,3
2015.112195,0.897122758,3
2015.196726,0.897122758,3
2015.281257,0.897122758,3
2015.365788,0.897122758,3
2015.619381,0.9419818088,3
2015.703911,0.9419818088,3
2015.788442,0.9419818088,3
2015.872973,0.9419818088,3
2015.957504,0.9419818088,3
2016.042035,0.9419818088,3
2016.126566,0.9419818088,3
2016.211097,0.9419818088,3
2016.295627,0.9419818088,3
2016.359026,0.9419818088,3
2016.591485,0.9852387506,3
2016.676016,0.9852387506,3
2016.760547,0.9852387506,3
2016.845078,0.9852387506,3
2016.929609,0.9852387506,3
2017.01414,0.9852387506,3
2017.098671,0.9852387506,3
2017.183201,0.9852387506,3
2017.267732,0.9852387506,3
2017.352263,0.9852387506,3
2017.605856,0.9804324238,3
2017.690387,0.9804324238,3
2017.774917,0.9804324238,3
2017.859448,0.9804324238,3
2017.943979,0.9804324238,3
2018.02851,0.9804324238,3
2018.113041,0.9804324238,3
2018.197572,0.9804324238,3
2018.282103,0.9804324238,3
2018.366633,0.9804324238,3
2018.620226,0.9451860267,3
2018.704757,0.9451860267,3
2018.789288,0.9451860267,3
2018.873818,0.9451860267,3
2018.958349,0.9451860267,3
2019.04288,0.9451860267,3
2019.127411,0.9451860267,3
2019.211942,0.9451860267,3
2019.296473,0.9451860267,3
2019.359871,0.9451860267,3
2021.874664,0.437317487,3
2021.959195,0.437317487,3
2022.043726,0.437317487,3
2022.128256,0.437317487,3
2022.212787,0.437317487,3
2022.297318,0.437317487,3
2022.381849,0.437317487,3
2022.46638,0.437317487,3
2022.550911,0.437317487,3
2022.635441,0.437317487,3
2022.719972,0.437317487,3
2022.804503,0.437317487,3
2022.889034,0.437317487,3
2022.973565,0.437317487,3
2023.058096,0.437317487,3
2023.142627,0.437317487,3
2023.227157,0.437317487,3
2023.311688,0.437317487,3
2023.396219,0.437317487,3
2023.48075,0.437317487,3
2023.565281,0.437317487,3
2023.649812,0.437317487,3
2023.734343,0.437317487,3
2023.818873,0.437317487,3
2023.882272,0.437317487,3
1979.651502,0.9788303148,4
1979.736033,0.9788303148,4
1979.820564,0.9788303148,4
1979.905095,0.9788303148,4
1979.989626,0.9788303148,4
1980.074157,0.9788303148,4
1980.158687,0.9788303148,4
1980.243218,0.9788303148,4
1980.327749,0.9788303148,4
1980.391147,0.9788303148,4
1980.623607,0.6888485934,4
1980.708138,0.6888485934,4
1980.792669,0.6888485934,4
1980.8772,0.6888485934,4
1980.961731,0.6888485934,4
1981.046261,0.6888485934,4
1981.130792,0.6888485934,4
1981.215323,0.6888485934,4
1981.299854,0.6888485934,4
1981.384385,0.6888485934,4
1981.637977,0.9515944625,4
1981.722508,0.9515944625,4
1981.807039,0.9515944625,4
1981.89157,0.9515944625,4
1981.976101,0.9515944625,4
1982.060632,0.9515944625,4
1982.145163,0.9515944625,4
1982.229693,0.9515944625,4
1982.314224,0.9515944625,4
1982.377622,0.9515944625,4
1982.610082,0.9788303148,4
1982.694613,0.9788303148,4
1982.779144,0.9788303148,4
1982.863675,0.9788303148,4
1982.948206,0.9788303148,4
1983.032736,0.9788303148,4
1983.117267,0.9788303148,4
1983.201798,0.9788303148,4
1983.286329,0.9788303148,4
1983.37086,0.9788303148,4
1983.624452,0.9419818088,4
1983.708983,0.9419818088,4
1983.793514,0.9419818088,4
1983.878045,0.9419818088,4
1983.962576,0.9419818088,4
1984.047107,0.9419818088,4
1984.131638,0.9419818088,4
1984.216168,0.9419818088,4
1984.300699,0.9419818088,4
1984.364097,0.9419818088,4
1984.406363,0.9419818088,4
1984.638823,0.9307670461,4
1984.723354,0.9307670461,4
1984.807884,0.9307670461,4
1984.892415,0.9307670461,4
1984.976946,0.9307670461,4
1985.061477,0.9307670461,4
1985.146008,0.9307670461,4
1985.230539,0.9307670461,4
1985.31507,0.9307670461,4
1985.378468,0.9307670461,4
1985.610928,0.9612071163,4
1985.695458,0.9612071163,4
1985.779989,0.9612071163,4
1985.86452,0.9612071163,4
1985.949051,0.9612071163,4
1986.033582,0.9612071163,4
1986.118113,0.9612071163,4
1986.202644,0.9612071163,4
1986.287174,0.9612071163,4
1986.350573,0.9612071163,4
1986.392838,0.9612071163,4
1986.625298,0.9387775909,4
1986.709829,0.9387775909,4
1986.794359,0.9387775909,4
1986.87889,0.9387775909,4
1986.963421,0.9387775909,4
1987.047952,0.9387775909,4
1987.132483,0.9387775909,4
1987.217014,0.9387775909,4
1987.301545,0.9387775909,4
1987.364943,0.9387775909,4
1987.639668,0.8426510534,4
1987.724199,0.8426510534,4
1987.80873,0.8426510534,4
1987.893261,0.8426510534,4
1987.977791,0.8426510534,4
1988.062322,0.8426510534,4
1988.146853,0.8426510534,4
1988.231384,0.8426510534,4
1988.315915,0.8426510534,4
1988.379313,0.8426510534,4
1988.59064,0.9676155521,4
1988.654038,0.9692176611,4
1988.738569,0.9692176611,4
1988.8231,0.9692176611,4
1988.907631,0.9692176611,4
1988.992162,0.9692176611,4
1989.076693,0.9692176611,4
1989.161223,0.9692176611,4
1989.245754,0.9692176611,4
1989.330285,0.9692176611,4
1989.393683,0.9692176611,4
1989.60501,0.9740239879,4
1989.668409,0.9740239879,4
1989.752939,0.9740239879,4
1989.83747,0.9740239879,4
1989.922001,0.9740239879,4
1990.006532,0.9740239879,4
1990.091063,0.9740239879,4
1990.175594,0.9740239879,4
1990.260124,0.9740239879,4
1990.344655,0.9740239879,4
1990.577115,0.9467881357,4
1990.640513,0.9467881357,4
1990.725044,0.9467881357,4
1990.809575,0.9467881357,4
1990.894106,0.9467881357,4
1990.978637,0.9467881357,4
1991.063168,0.9467881357,4
1991.147698,0.9467881357,4
1991.232229,0.9467881357,4
1991.31676,0.9467881357,4
1991.380158,0.9467881357,4
1991.591485,0.9900450775,4
1991.654884,0.9900450775,4
1991.739414,0.9900450775,4
1991.823945,0.9900450775,4
1991.908476,0.9900450775,4
1991.993007,0.9900450775,4
1992.077538,0.9900450775,4
1992.162069,0.9900450775,4
1992.2466,0.9900450775,4
1992.33113,0.9900450775,4
1992.394529,0.9900450775,4
1992.605856,0.9900450775,4
1992.669254,0.9900450775,4
1992.753785,0.9900450775,4
1992.838316,0.9900450775,4
1992.922846,0.9900450775,4
1993.007377,0.9900450775,4
1993.091908,0.9900450775,4
1993.176439,0.9900450775,4
1993.26097,0.9900450775,4
1993.345501,0.9900450775,4
1993.599093,0.97081977,4
1993.683624,0.97081977,4
1993.768155,0.97081977,4
1993.852686,0.97081977,4
1993.937217,0.97081977,4
1994.021747,0.97081977,4
1994.106278,0.97081977,4
1994.190809,0.97081977,4
1994.27534,0.97081977,4
1994.359871,0.97081977,4
1994.613463,0.9900450775,4
1994.697994,0.9900450775,4
1994.782525,0.9900450775,4
1994.867056,0.9900450775,4
1994.951587,0.9900450775,4
1995.036118,0.9900450775,4
1995.120649,0.9900450775,4
1995.205179,0.9900450775,4
1995.28971,0.9900450775,4
1995.374241,0.9900450775,4
1995.627834,0.9900450775,4
1995.712365,0.9900450775,4
1995.796895,0.9900450775,4
1995.881426,0.9900450775,4
1995.965957,0.9900450775,4
1996.050488,0.9900450775,4
1996.135019,0.9900450775,4
1996.21955,0.9900450775,4
1996.304081,0.9900450775,4
1996.367479,0.9900450775,4
1996.599939,0.9804324238,4
1996.684469,0.9804324238,4
1996.769,0.9804324238,4
1996.853531,0.9804324238,4
1996.938062,0.9804324238,4
1997.022593,0.9804324238,4
1997.107124,0.9804324238,4
1997.191654,0.9804324238,4
1997.276185,0.9804324238,4
1997.360716,0.9804324238,4
1997.614309,0.9852387506,4
1997.69884,0.9852387506,4
1997.78337,0.9852387506,4
1997.867901,0.9852387506,4
1997.952432,0.9852387506,4
1998.036963,0.9852387506,4
1998.121494,0.9852387506,4
1998.206025,0.9852387506,4
1998.290556,0.9852387506,4
1998.375086,0.9852387506,4
1998.628679,0.9900450775,4
1998.71321,0.9900450775,4
1998.797741,0.9900450775,4
1998.882272,0.9900450775,4
1998.966802,0.9900450775,4
1999.051333,0.9900450775,4
1999.135864,0.9900450775,4
1999.220395,0.9900450775,4
1999.304926,0.9900450775,4
1999.368324,0.9900450775,4
1999.600784,0.9804324238,4
1999.685315,0.9804324238,4
1999.769846,0.9804324238,4
1999.854376,0.9804324238,4
1999.938907,0.9804324238,4
2000.023438,0.9804324238,4
2000.107969,0.9804324238,4
2000.1925,0.9804324238,4
2000.277031,0.9804324238,4
2000.361562,0.9804324238,4
2000.615154,0.9900450775,4
2000.699685,0.9900450775,4
2000.784216,0.9900450775,4
2000.868747,0.9900450775,4
2000.953277,0.9900450775,4
2001.037808,0.9900450775,4
2001.122339,0.9900450775,4
2001.20687,0.9900450775,4
2001.291401,0.9900450775,4
2001.375932,0.9900450775,4
2001.629524,0.9900450775,4
2001.714055,0.9900450775,4
2001.798586,0.9900450775,4
2001.883117,0.9900450775,4
2001.967648,0.9900450775,4
2002.052179,0.9900450775,4
2002.136709,0.9900450775,4
2002.22124,0.9900450775,4
2002.305771,0.9900450775,4
2002.369169,0.9900450775,4
2002.601629,0.9900450775,4
2002.68616,0.9900450775,4
2002.770691,0.9900450775,4
2002.855222,0.9900450775,4
2002.939753,0.9900450775,4
2003.024283,0.9900450775,4
2003.108814,0.9900450775,4
2003.193345,0.9900450775,4
2003.277876,0.9900450775,4
2003.362407,0.9900450775,4
2003.615999,0.9900450775,4
2003.70053,0.9900450775,4
2003.785061,0.9900450775,4
2003.869592,0.9900450775,4
2003.954123,0.9900450775,4
2004.038654,0.9900450775,4
2004.123185,0.9900450775,4
2004.207715,0.9900450775,4
2004.292246,0.9900450775,4
2004.376777,0.9900450775,4
2004.63037,0.9900450775,4
2004.7149,0.9900450775,4
2004.799431,0.9900450775,4
2004.883962,0.9900450775,4
2004.968493,0.9900450775,4
2005.053024,0.9900450775,4
2005.137555,0.9900450775,4
2005.222086,0.9900450775,4
2005.306616,0.9900450775,4
2005.370015,0.9900450775,4
2005.602474,0.9852387506,4
2005.687005,0.9852387506,4
2005.771536,0.9852387506,4
2005.856067,0.9852387506,4
2005.940598,0.9852387506,4
2006.025129,0.9852387506,4
2006.10966,0.9852387506,4
2006.19419,0.9852387506,4
2006.278721,0.9852387506,4
2006.363252,0.9852387506,4
2006.616845,0.9900450775,4
2006.701376,0.9900450775,4
2006.785906,0.9900450775,4
2006.870437,0.9900450775,4
2006.954968,0.9900450775,4
2007.039499,0.9900450775,4
2007.12403,0.9900450775,4
2007.208561,0.9900450775,4
2007.293092,0.9900450775,4
2007.35649,0.9900450775,4
2007.631215,0.9900450775,4
2007.715746,0.9900450775,4
2007.800277,0.9900450775,4
2007.884808,0.9900450775,4
2007.969338,0.9900450775,4
2008.053869,0.9900450775,4
2008.1384,0.9900450775,4
2008.222931,0.9900450775,4
2008.307462,0.9900450775,4
2008.37086,0.9900450775,4
2008.60332,0.9900450775,4
2008.687851,0.9900450775,4
2008.772381,0.9900450775,4
2008.856912,0.9900450775,4
2008.941443,0.9900450775,4
2009.025974,0.9900450775,4
2009.110505,0.9900450775,4
2009.195036,0.9900450775,4
2009.279567,0.9900450775,4
2009.364097,0.9900450775,4
2009.61769,0.9900450775,4
2009.702221,0.9900450775,4
2009.786752,0.9900450775,4
2009.871283,0.9900450775,4
2009.955813,0.9900450775,4
2010.040344,0.9900450775,4
2010.124875,0.9900450775,4
2010.209406,0.9900450775,4
2010.293937,0.9900450775,4
2010.357335,0.9900450775,4
2010.63206,0.9900450775,4
2010.716591,0.9900450775,4
2010.801122,0.9900450775,4
2010.885653,0.9900450775,4
2010.970184,0.9900450775,4
2011.054715,0.9900450775,4
2011.139245,0.9900450775,4
2011.223776,0.9900450775,4
2011.308307,0.9900450775,4
2011.371705,0.9900450775,4
2011.604165,0.9900450775,4
2011.688696,0.9900450775,4
2011.773227,0.9900450775,4
2011.857758,0.9900450775,4
2011.942288,0.9900450775,4
2012.026819,0.9900450775,4
2012.11135,0.9900450775,4
2012.195881,0.9900450775,4
2012.280412,0.9900450775,4
2012.364943,0.9900450775,4
2012.618535,0.9900450775,4
2012.703066,0.9900450775,4
2012.787597,0.9900450775,4
2012.872128,0.9900450775,4
2012.956659,0.9900450775,4
2013.04119,0.9900450775,4
2013.12572,0.9900450775,4
2013.210251,0.9900450775,4
2013.294782,0.9900450775,4
2013.35818,0.9900450775,4
2013.59064,0.9900450775,4
2013.675171,0.9900450775,4
2013.759702,0.9900450775,4
2013.844233,0.9900450775,4
2013.928764,0.9900450775,4
2014.013294,0.9900450775,4
2014.097825,0.9900450775,4
2014.182356,0.9900450775,4
2014.266887,0.9900450775,4
2014.351418,0.9900450775,4
2014.60501,0.9900450775,4
2014.689541,0.9900450775,4
2014.774072,0.9900450775,4
2014.858603,0.9900450775,4
2014.943134,0.9900450775,4
2015.027665,0.9900450775,4
2015.112195,0.9900450775,4
2015.196726,0.9900450775,4
2015.281257,0.9900450775,4
2015.365788,0.9900450775,4
2015.661646,0.9900450775,4
2015.746177,0.9900450775,4
2015.830708,0.9900450775,4
2015.915239,0.9900450775,4
2015.999769,0.9900450775,4
2016.0843,0.9900450775,4
2016.168831,0.9900450775,4
2016.253362,0.9900450775,4
2016.337893,0.9900450775,4
2016.401291,0.9916471865,4
2016.591485,0.989244023,4
2016.676016,0.9900450775,4
2016.760547,0.9900450775,4
2016.845078,0.9900450775,4
2016.929609,0.9900450775,4
2017.01414,0.9900450775,4
2017.098671,0.9900450775,4
2017.183201,0.9900450775,4
2017.267732,0.9900450775,4
2017.352263,0.989244023,4
2017.605856,0.9868408596,4
2017.690387,0.9900450775,4
2017.774917,0.9900450775,4
2017.859448,0.9900450775,4
2017.943979,0.9900450775,4
2018.02851,0.9900450775,4
2018.113041,0.9900450775,4
2018.197572,0.9900450775,4
2018.282103,0.9900450775,4
2018.366633,0.9900450775,4
2018.599093,0.9900450775,4
2018.662491,0.9900450775,4
2018.747022,0.9900450775,4
2018.831553,0.9900450775,4
2018.916084,0.9900450775,4
2019.000615,0.9900450775,4
2019.085146,0.9900450775,4
2019.169676,0.9900450775,4
2019.254207,0.9900450775,4
2019.338738,0.9900450775,4
2021.874664,0.5262345342,4
2021.959195,0.5270355887,4
2022.043726,0.5270355887,4
2022.128256,0.5270355887,4
2022.212787,0.5270355887,4
2022.297318,0.5270355887,4
2022.381849,0.5270355887,4
2022.46638,0.5270355887,4
2022.550911,0.5270355887,4
2022.635441,0.5270355887,4
2022.719972,0.5270355887,4
2022.804503,0.5270355887,4
2022.889034,0.5270355887,4
2022.973565,0.5270355887,4
2023.058096,0.5270355887,4
2023.142627,0.5270355887,4
2023.227157,0.5270355887,4
2023.311688,0.5270355887,4
2023.396219,0.5270355887,4
2023.48075,0.5270355887,4
2023.565281,0.5270355887,4
2023.649812,0.5270355887,4
2023.734343,0.5270355887,4
2023.818873,0.5270355887,4
2023.882272,0.5254334797,4
1979.651502,0.9900450775,5
1979.736033,0.9900450775,5
1979.820564,0.9900450775,5
1979.905095,0.9900450775,5
1979.989626,0.9900450775,5
1980.074157,0.9900450775,5
1980.158687,0.9900450775,5
1980.243218,0.9900450775,5
1980.327749,0.9900450775,5
1980.391147,0.9900450775,5
1980.623607,0.9788303148,5
1980.708138,0.9788303148,5
1980.792669,0.9788303148,5
1980.8772,0.9788303148,5
1980.961731,0.9788303148,5
1981.046261,0.9788303148,5
1981.130792,0.9788303148,5
1981.215323,0.9788303148,5
1981.299854,0.9788303148,5
1981.384385,0.9788303148,5
1981.637977,0.9836366417,5
1981.722508,0.9836366417,5
1981.807039,0.9836366417,5
1981.89157,0.9836366417,5
1981.976101,0.9836366417,5
1982.060632,0.9836366417,5
1982.145163,0.9836366417,5
1982.229693,0.9836366417,5
1982.314224,0.9836366417,5
1982.377622,0.9836366417,5
1982.610082,0.9900450775,5
1982.694613,0.9916471865,5
1982.779144,0.9916471865,5
1982.863675,0.9916471865,5
1982.948206,0.9916471865,5
1983.032736,0.9916471865,5
1983.117267,0.9916471865,5
1983.201798,0.9916471865,5
1983.286329,0.9916471865,5
1983.37086,0.990846132,5
1983.624452,0.9900450775,5
1983.708983,0.9916471865,5
1983.793514,0.9916471865,5
1983.878045,0.9916471865,5
1983.962576,0.9916471865,5
1984.047107,0.9916471865,5
1984.131638,0.9916471865,5
1984.216168,0.9916471865,5
1984.300699,0.9916471865,5
1984.38523,0.990846132,5
1984.638823,0.9884429686,5
1984.723354,0.9884429686,5
1984.807884,0.9884429686,5
1984.892415,0.9884429686,5
1984.976946,0.9884429686,5
1985.061477,0.9884429686,5
1985.146008,0.9884429686,5
1985.230539,0.9884429686,5
1985.31507,0.9884429686,5
1985.378468,0.9884429686,5
1985.610928,0.9852387506,5
1985.695458,0.9852387506,5
1985.779989,0.9852387506,5
1985.86452,0.9852387506,5
1985.949051,0.9852387506,5
1986.033582,0.9852387506,5
1986.118113,0.9852387506,5
1986.202644,0.9852387506,5
1986.287174,0.9852387506,5
1986.371705,0.9852387506,5
1986.625298,0.9900450775,5
1986.709829,0.9900450775,5
1986.794359,0.9900450775,5
1986.87889,0.9900450775,5
1986.963421,0.9900450775,5
1987.047952,0.9900450775,5
1987.132483,0.9900450775,5
1987.217014,0.9900450775,5
1987.301545,0.9900450775,5
1987.364943,0.9900450775,5
1987.639668,0.9836366417,5
1987.724199,0.9836366417,5
1987.80873,0.9836366417,5
1987.893261,0.9836366417,5
1987.977791,0.9836366417,5
1988.062322,0.9836366417,5
1988.146853,0.9836366417,5
1988.231384,0.9836366417,5
1988.315915,0.9836366417,5
1988.379313,0.9836366417,5
1988.611773,0.9788303148,5
1988.696304,0.9788303148,5
1988.780835,0.9788303148,5
1988.865365,0.9788303148,5
1988.949896,0.9788303148,5
1989.034427,0.9788303148,5
1989.118958,0.9788303148,5
1989.203489,0.9788303148,5
1989.28802,0.9788303148,5
1989.372551,0.9788303148,5
1989.626143,0.990846132,5
1989.710674,0.9916471865,5
1989.795205,0.9916471865,5
1989.879736,0.9916471865,5
1989.964267,0.9916471865,5
1990.048797,0.9916471865,5
1990.133328,0.9916471865,5
1990.217859,0.9916471865,5
1990.30239,0.9916471865,5
1990.365788,0.9916471865,5
1990.598248,0.990846132,5
1990.682779,0.9916471865,5
1990.76731,0.9916471865,5
1990.85184,0.9916471865,5
1990.936371,0.9916471865,5
1991.020902,0.9916471865,5
1991.105433,0.9916471865,5
1991.189964,0.9916471865,5
1991.274495,0.9916471865,5
1991.359026,0.990846132,5
1993.599093,0.990846132,5
1993.683624,0.9916471865,5
1993.768155,0.9916471865,5
1993.852686,0.9916471865,5
1993.937217,0.9916471865,5
1994.021747,0.9916471865,5
1994.106278,0.9916471865,5
1994.190809,0.9916471865,5
1994.27534,0.9916471865,5
1994.359871,0.9916471865,5
1996.599939,0.990846132,5
1996.684469,0.9916471865,5
1996.769,0.9916471865,5
1996.853531,0.9916471865,5
1996.938062,0.9916471865,5
1997.022593,0.9916471865,5
1997.107124,0.9916471865,5
1997.191654,0.9916471865,5
1997.276185,0.9916471865,5
1997.360716,0.9916471865,5
1997.614309,0.990846132,5
1997.69884,0.9916471865,5
1997.78337,0.9916471865,5
1997.867901,0.9916471865,5
1997.952432,0.9916471865,5
1998.036963,0.9916471865,5
1998.121494,0.9916471865,5
1998.206025,0.9916471865,5
1998.290556,0.9916471865,5
1998.375086,0.9916471865,5
1999.600784,0.9916471865,5
1999.685315,0.9916471865,5
1999.769846,0.9916471865,5
1999.854376,0.9916471865,5
1999.938907,0.9916471865,5
2000.023438,0.9916471865,5
2000.107969,0.9916471865,5
2000.1925,0.9916471865,5
2000.277031,0.9916471865,5
2000.361562,0.9916471865,5
2005.602474,0.9916471865,5
2005.687005,0.9916471865,5
2005.771536,0.9916471865,5
2005.856067,0.9916471865,5
2005.940598,0.9916471865,5
2006.025129,0.9916471865,5
2006.10966,0.9916471865,5
2006.19419,0.9916471865,5
2006.278721,0.9916471865,5
2006.363252,0.990846132,5
2021.874664,0.6151515814,5
2021.959195,0.6151515814,5
2022.043726,0.6151515814,5
2022.128256,0.6151515814,5
2022.212787,0.6151515814,5
2022.297318,0.6151515814,5
2022.381849,0.6151515814,5
2022.46638,0.6151515814,5
2022.550911,0.6151515814,5
2022.635441,0.6151515814,5
2022.719972,0.6151515814,5
2022.804503,0.6151515814,5
2022.889034,0.6151515814,5
2022.973565,0.6151515814,5
2023.058096,0.6151515814,5
2023.142627,0.6151515814,5
2023.227157,0.6151515814,5
2023.311688,0.6151515814,5
2023.396219,0.6151515814,5
2023.48075,0.6151515814,5
2023.565281,0.6151515814,5
2023.649812,0.6151515814,5
2023.734343,0.6151515814,5
2023.818873,0.6151515814,5
2023.882272,0.6151515814,5
1980.623607,0.9916471865,6
1980.708138,0.9916471865,6
1980.792669,0.9916471865,6
1980.8772,0.9916471865,6
1980.961731,0.9916471865,6
1981.046261,0.9916471865,6
1981.130792,0.9916471865,6
1981.215323,0.9916471865,6
1981.299854,0.9916471865,6
1981.384385,0.9916471865,6
1981.637977,0.9916471865,6
1981.722508,0.9916471865,6
1981.807039,0.9916471865,6
1981.89157,0.9916471865,6
1981.976101,0.9916471865,6
1982.060632,0.9916471865,6
1982.145163,0.9916471865,6
1982.229693,0.9916471865,6
1982.314224,0.9916471865,6
1982.377622,0.9916471865,6
1984.638823,0.9916471865,6
1984.723354,0.9916471865,6
1984.807884,0.9916471865,6
1984.892415,0.9916471865,6
1984.976946,0.9916471865,6
1985.061477,0.9916471865,6
1985.146008,0.9916471865,6
1985.230539,0.9916471865,6
1985.31507,0.9916471865,6
1985.378468,0.9916471865,6
1985.610928,0.9916471865,6
1985.695458,0.9916471865,6
1985.779989,0.9916471865,6
1985.86452,0.9916471865,6
1985.949051,0.9916471865,6
1986.033582,0.9916471865,6
1986.118113,0.9916471865,6
1986.202644,0.9916471865,6
1986.287174,0.9916471865,6
1986.371705,0.990846132,6
1987.639668,0.9916471865,6
1987.724199,0.9916471865,6
1987.80873,0.9916471865,6
1987.893261,0.9916471865,6
1987.977791,0.9916471865,6
1988.062322,0.9916471865,6
1988.146853,0.9916471865,6
1988.231384,0.9916471865,6
1988.315915,0.9916471865,6
1988.379313,0.9916471865,6
1988.611773,0.990846132,6
1988.696304,0.9916471865,6
1988.780835,0.9916471865,6
1988.865365,0.9916471865,6
1988.949896,0.9916471865,6
1989.034427,0.9916471865,6
1989.118958,0.9916471865,6
1989.203489,0.9916471865,6
1989.28802,0.9916471865,6
1989.372551,0.990846132,6
2021.874664,0.704869683,6
2021.959195,0.704869683,6
2022.043726,0.704869683,6
2022.128256,0.704869683,6
2022.212787,0.704869683,6
2022.297318,0.704869683,6
2022.381849,0.704869683,6
2022.46638,0.704869683,6
2022.550911,0.704869683,6
2022.635441,0.704869683,6
2022.719972,0.704869683,6
2022.804503,0.704869683,6
2022.889034,0.704869683,6
2022.973565,0.704869683,6
2023.058096,0.704869683,6
2023.142627,0.704869683,6
2023.227157,0.704869683,6
2023.311688,0.704869683,6
2023.396219,0.704869683,6
2023.48075,0.704869683,6
2023.565281,0.704869683,6
2023.649812,0.704869683,6
2023.734343,0.704869683,6
2023.818873,0.704869683,6
2023.882272,0.704869683,6