year,NAFO_div,sex,age,N_millions,proportion_age,N_mature_millions,prop_mat,weight_tonnes,length_mean_mm,weight_mean_g
1998,3K,Female,2,72.85,0.33,72.7,1,1143.73,141.28,15.7
1998,3K,Female,3,120.45,0.55,120.45,1,2393.28,152.78,19.87
1998,3K,Female,4,21.6,0.1,21.6,1,493.91,160.09,22.86
1998,3K,Female,5,3.23,0.01,3.23,1,84.99,168.5,26.33
1998,3K,Female,6,0.08,0,0.08,1,2.2,177.5,28.28
1998,3K,Male,2,47.11,0.23,47.09,1,1261.94,164.36,26.79
1998,3K,Male,3,151.26,0.73,151.18,1,4441.65,169.41,29.36
1998,3K,Male,4,8.97,0.04,8.97,1,276.3,172.09,30.79
1998,3L,Female,2,370.16,0.62,370.09,1,5392,141.4,14.57
1998,3L,Female,3,187.35,0.32,187.33,1,3317.26,150.55,17.71
1998,3L,Female,4,30.01,0.05,30.01,1,652.53,161.48,21.74
1998,3L,Female,5,6.07,0.01,6.07,1,142.57,166.94,23.47
1998,3L,Female,6,0.12,0,0.12,1,2.91,177.5,25.05
1998,3L,Male,2,186.65,0.46,185.42,0.99,4220.04,159.26,22.61
1998,3L,Male,3,209.34,0.51,209.06,1,5304.76,165.44,25.34
1998,3L,Male,4,11.79,0.03,11.79,1,314.93,168.58,26.71
1999,3K,Female,2,53.7,0.28,53.52,1,886.58,143.58,16.51
1999,3K,Female,3,117.56,0.6,117.55,1,2561.95,156.91,21.79
1999,3K,Female,4,21.71,0.11,21.71,1,557.27,165.38,25.66
1999,3K,Female,5,1.62,0.01,1.62,1,42.37,166.76,26.21
1999,3K,Male,2,19.93,0.19,19.05,0.96,504.94,164.18,25.34
1999,3K,Male,3,80.51,0.78,80.46,1,2449.5,173.62,30.42
1999,3K,Male,4,2.52,0.02,2.52,1,74.71,172.57,29.7
1999,3K,Male,5,0.8,0.01,0.8,1,23.67,172.5,29.69
1999,3L,Female,2,187.37,0.57,187.37,1,2895.1,141.6,15.45
1999,3L,Female,3,123.04,0.37,123.04,1,2518.71,154.5,20.47
1999,3L,Female,4,18.87,0.06,18.87,1,461.78,163.61,24.47
1999,3L,Female,5,0.67,0,0.67,1,17.24,167.68,25.73
1999,3L,Male,2,77.3,0.4,77.19,1,1867.1,161.06,24.16
1999,3L,Male,3,114.85,0.59,114.84,1,3345.33,171.17,29.13
1999,3L,Male,4,2.39,0.01,2.39,1,69.75,171.36,29.18
2000,3K,Female,2,50.75,0.49,50.75,1,757.72,141.48,14.93
2000,3K,Female,3,30.22,0.29,30.22,1,634.31,158.13,20.99
2000,3K,Female,4,21.72,0.21,21.72,1,526.35,166.36,24.23
2000,3K,Female,5,1.34,0.01,1.29,0.96,35.34,171.63,26.31
2000,3K,Female,6,0.05,0,0.05,1,1.51,182.5,29.54
2000,3K,Male,2,33.37,0.42,33.14,0.99,767.68,160.16,23.01
2000,3K,Male,3,41.6,0.53,41.59,1,1230.82,174.38,29.59
2000,3K,Male,4,3.66,0.05,3.66,1,117.26,179.34,32.02
2000,3L,Female,2,141.01,0.45,141.01,1,2085.86,142.68,14.79
2000,3L,Female,3,106.08,0.34,106.03,1,2300.75,160.78,21.69
2000,3L,Female,4,59.81,0.19,59.77,1,1478.09,167.8,24.71
2000,3L,Female,5,5.28,0.02,5.28,1,135.96,170.1,25.74
2000,3L,Male,2,56.79,0.28,56.71,1,1346.01,163.04,23.7
2000,3L,Male,3,141.97,0.69,141.95,1,4325.42,176.33,30.47
2000,3L,Male,4,5.95,0.03,5.95,1,191.91,179.57,32.24
2001,3K,Female,2,91.35,0.53,91.35,1,1369.31,142.82,14.99
2001,3K,Female,3,63.83,0.37,63.83,1,1242.07,155.08,19.46
2001,3K,Female,4,15.65,0.09,15.65,1,348.21,162.32,22.25
2001,3K,Female,5,1.53,0.01,1.53,1,39.47,171.02,25.72
2001,3K,Male,2,24.69,0.32,24.5,0.99,561.58,159.95,22.75
2001,3K,Male,3,50.35,0.66,50.35,1,1408.19,171.07,27.97
2001,3K,Male,4,1.58,0.02,1.58,1,50.17,178.37,31.67
2001,3L,Female,2,223.41,0.53,223.41,1,3602.9,143.09,16.13
2001,3L,Female,3,160.58,0.38,160.58,1,3157.68,152.33,19.66
2001,3L,Female,4,34.37,0.08,34.37,1,841.08,163.97,24.47
2001,3L,Female,5,1.04,0,1.04,1,29.44,173.88,28.27
2001,3L,Male,2,81.12,0.36,80.46,0.99,1973.67,160.99,24.33
2001,3L,Male,3,135.09,0.6,135.02,1,3989.61,170.9,29.53
2001,3L,Male,4,9.56,0.04,9.56,1,301.62,174.52,31.55
2002,3K,Female,2,22.83,0.51,22.83,1,329.3,139.99,14.43
2002,3K,Female,3,17.4,0.39,17.4,1,332.75,152.96,19.12
2002,3K,Female,4,4.03,0.09,4.03,1,84.01,157.2,20.82
2002,3K,Female,5,0.21,0,0.21,1,5.81,172.67,27.95
2002,3K,Male,2,15.65,0.47,15.65,1,347.94,158.39,22.23
2002,3K,Male,3,17.3,0.52,17.3,1,444.12,166.62,25.67
2002,3K,Male,4,0.42,0.01,0.42,1,10.08,162.14,23.84
2002,3L,Female,1,0.43,0,0.43,1,5.05,132.5,11.79
2002,3L,Female,2,159.2,0.58,159.2,1,2269.59,140.19,14.26
2002,3L,Female,3,92.74,0.34,92.74,1,1759.97,152.82,18.98
2002,3L,Female,4,20.53,0.08,20.53,1,459.81,160.94,22.4
2002,3L,Female,5,0.29,0,0.29,1,8.02,174.1,27.38
2002,3L,Male,2,70.89,0.42,69.74,0.98,1514.24,157.33,21.36
2002,3L,Male,3,94.62,0.55,94.39,1,2467.9,167.79,26.08
2002,3L,Male,4,5.25,0.03,5.25,1,153.42,174.62,29.24
2003,3K,Female,2,66.64,0.64,66.64,1,947.02,140.81,14.21
2003,3K,Female,3,23.09,0.22,23.09,1,424.02,152.94,18.37
2003,3K,Female,4,13.69,0.13,13.69,1,297.79,161.71,21.75
2003,3K,Female,5,1.41,0.01,1.41,1,33.69,166.83,23.82
2003,3K,Male,2,46.62,0.49,46.62,1,1064.4,160.21,22.83
2003,3K,Male,3,42.9,0.45,42.9,1,1130.27,168.57,26.35
2003,3K,Male,4,6.08,0.06,6.08,1,169.81,172.2,27.95
2003,3L,Female,2,294.81,0.74,294.81,1,4423.77,142.06,15.01
2003,3L,Female,3,82.21,0.21,82.21,1,1576.39,153.27,19.18
2003,3L,Female,4,21.53,0.05,21.53,1,473.78,160.38,22.01
2003,3L,Female,5,1.08,0,1.08,1,27.27,167.81,25.3
2003,3L,Male,2,136.92,0.48,134.69,0.98,3020.27,158.98,22.06
2003,3L,Male,3,139.59,0.49,139.19,1,3576.05,166.75,25.62
2003,3L,Male,4,5.82,0.02,5.82,1,172.48,174.98,29.65
2004,3K,Female,2,153.32,0.56,153.32,1,2388.55,143.11,15.58
2004,3K,Female,3,93.64,0.34,93.64,1,1799.16,152.79,19.21
2004,3K,Female,4,27.15,0.1,27.15,1,612.37,161.04,22.56
2004,3K,Female,5,0.83,0,0.83,1,22.58,173.22,27.35
2004,3K,Male,2,76.66,0.32,76.39,1,1821,160.35,23.76
2004,3K,Male,3,156.72,0.66,156.61,1,4377.73,169.4,27.93
2004,3K,Male,4,4.41,0.02,4.41,1,135.61,174.75,30.74
2004,3L,Female,2,316.57,0.58,315.78,1,4792.77,141.99,15.14
2004,3L,Female,3,189.73,0.35,189.72,1,3630.92,152.56,19.14
2004,3L,Female,4,40.67,0.07,40.67,1,926.43,161.4,22.78
2004,3L,Female,5,0.36,0,0.36,1,10.31,174.76,28.71
2004,3L,Male,2,89.33,0.35,85.5,0.96,1934.83,157.06,21.66
2004,3L,Male,3,161.81,0.63,161.13,1,4245.17,166.62,26.24
2004,3L,Male,4,5.36,0.02,5.19,0.97,153.56,171.98,28.64
2005,3K,Female,2,124.75,0.4,124.75,1,2174.43,145.71,17.43
2005,3K,Female,3,145.16,0.46,145.16,1,3131.64,156.23,21.57
2005,3K,Female,4,43.06,0.14,43.06,1,1088.6,164.96,25.28
2005,3K,Female,5,2.4,0.01,2.4,1,65.05,169.24,27.15
2005,3K,Male,2,31.82,0.17,31.82,1,851.2,165.12,26.75
2005,3K,Male,3,147.82,0.78,147.82,1,4526.76,173.05,30.62
2005,3K,Male,4,10.48,0.06,10.48,1,355.33,179.69,33.91
2005,3L,Female,2,123.96,0.34,123.96,1,2129.33,147.02,17.18
2005,3L,Female,3,170.07,0.47,170.07,1,3671.34,157.72,21.59
2005,3L,Female,4,66.14,0.18,66.14,1,1652.54,165.44,24.99
2005,3L,Female,5,1.6,0,1.6,1,47.69,177.38,29.76
2005,3L,Male,2,50.2,0.19,49.72,0.99,1244.43,162.44,24.79
2005,3L,Male,3,191.04,0.73,190.95,1,5884.9,173.87,30.8
2005,3L,Male,4,19.01,0.07,19.01,1,600.76,175.38,31.6
2006,3K,Female,2,221.36,0.54,220.95,1,3534.98,144.63,15.97
2006,3K,Female,3,103.03,0.25,102.74,1,2115.98,156.3,20.54
2006,3K,Female,4,78.05,0.19,77.94,1,1959.22,166.79,25.1
2006,3K,Female,5,9.25,0.02,9.24,1,228.68,166.73,24.73
2006,3K,Female,6,0.28,0,0.28,1,8.67,177.5,30.54
2006,3K,Male,Unknown,0.16,0,0.16,1,0,2.5,0
2006,3K,Male,2,71.63,0.31,71.38,1,1776.72,162.53,24.8
2006,3K,Male,3,143.16,0.62,143.09,1,4227.9,172.62,29.53
2006,3K,Male,4,15.57,0.07,15.57,1,489.55,176.69,31.45
2006,3K,Male,5,1.1,0,1.1,1,27.3,162.5,24.74
2006,3L,Female,2,321.84,0.69,321.76,1,4876.97,143.61,15.15
2006,3L,Female,3,91.61,0.2,91.57,1,1755.54,154.78,19.16
2006,3L,Female,4,45.75,0.1,45.75,1,1103.92,167.24,24.13
2006,3L,Female,5,5.93,0.01,5.93,1,150.75,169.66,25.42
2006,3L,Male,2,107.13,0.37,104.02,0.97,2484.11,161.93,23.19
2006,3L,Male,3,173.71,0.6,172.99,1,4770.45,170.57,27.46
2006,3L,Male,4,8.95,0.03,8.93,1,287.26,179.49,32.11
2007,3K,Female,2,155.41,0.44,155.41,1,2314.62,140.88,14.89
2007,3K,Female,3,126.86,0.36,126.86,1,2658.98,157.43,20.96
2007,3K,Female,4,69.74,0.2,69.74,1,1633.94,163.42,23.43
2007,3K,Female,5,2.42,0.01,2.42,1,64.11,171.13,26.49
2007,3K,Male,2,49.76,0.22,48.9,0.98,1179.93,161.2,23.71
2007,3K,Male,3,157.78,0.69,157.7,1,4505.31,171.56,28.55
2007,3K,Male,4,21.62,0.09,21.62,1,678.1,177.19,31.36
2007,3L,Female,2,250.89,0.53,250.37,1,3808.17,140.38,15.18
2007,3L,Female,3,154.55,0.33,154.51,1,3457.27,158.59,22.37
2007,3L,Female,4,63.25,0.13,63.14,1,1583,164.63,25.03
2007,3L,Female,5,1.64,0,1.64,1,47.88,176.23,29.13
2007,3L,Female,6,0.14,0,0.11,0.84,4.35,182.5,32
2007,3L,Male,2,108.98,0.4,101.78,0.93,2451.45,158.06,22.49
2007,3L,Male,3,149.42,0.55,149.11,1,4560.59,173.28,30.52
2007,3L,Male,4,12.34,0.05,12.32,1,408.28,177.88,33.09
2008,3K,Female,2,148.9,0.38,148.9,1,2276.14,142.68,15.29
2008,3K,Female,3,210.38,0.54,210.38,1,4465.82,158.52,21.23
2008,3K,Female,4,31.43,0.08,31.43,1,779.39,166.99,24.8
2008,3K,Female,5,0.63,0,0.63,1,18.68,183.7,29.61
2008,3K,Male,2,30.67,0.16,30.67,1,740,161.44,24.13
2008,3K,Male,3,154.19,0.8,154.19,1,4491.66,172.87,29.13
2008,3K,Male,4,8.77,0.05,8.77,1,272.3,177.1,31.06
2008,3L,Female,1,0.14,0,0.14,1,1.04,117.5,7.63
2008,3L,Female,2,217.93,0.53,217.86,1,3133.63,139.33,14.38
2008,3L,Female,3,169.26,0.41,169.19,1,3467.28,155.41,20.48
2008,3L,Female,4,27.36,0.07,27.36,1,684.88,166.09,25.03
2008,3L,Female,5,0.27,0,0.27,1,9.48,182.5,34.83
2008,3L,Male,2,51.41,0.18,51.16,1,1175.1,158.19,22.86
2008,3L,Male,3,197.81,0.7,197.77,1,5617.78,169.84,28.4
2008,3L,Male,4,32.63,0.12,32.63,1,1050.52,177.42,32.2
2008,3L,Male,5,0.99,0,0.99,1,36.29,186.16,36.77
2009,3K,Female,1,0.23,0,0.23,1,1.79,117.5,7.91
2009,3K,Female,2,236.18,0.57,236.18,1,2968.42,136.52,12.57
2009,3K,Female,3,166.14,0.4,166.14,1,2937.54,153.35,17.68
2009,3K,Female,4,9.21,0.02,9.21,1,202.02,165.27,21.94
2009,3K,Female,5,0.2,0,0.2,1,4.93,172.5,24.95
2009,3K,Male,2,49.56,0.29,49.26,0.99,924.22,152.26,18.65
2009,3K,Male,3,111.4,0.65,111.15,1,2564.42,164.77,23.02
2009,3K,Male,4,9.24,0.05,9.21,1,243.51,174.09,26.35
2009,3K,Male,5,0.17,0,0.17,1,5.15,187.5,30.2
2009,3L,Female,1,0.22,0,0.22,1,1.7,117.5,7.6
2009,3L,Female,2,423.24,0.72,422.68,1,5266.74,136.16,12.44
2009,3L,Female,3,154.74,0.26,154.74,1,2761.92,154.33,17.85
2009,3L,Female,4,12.12,0.02,12.12,1,249.32,162.99,20.57
2009,3L,Female,5,0.16,0,0.16,1,3.88,172.5,24.03
2009,3L,Male,2,98.09,0.41,95.09,0.97,1761.12,151.44,17.96
2009,3L,Male,3,128.57,0.54,128.28,1,3025.33,165.56,23.53
2009,3L,Male,4,9.68,0.04,9.67,1,262.16,173.89,27.07
2009,3L,Male,5,0.15,0,0.15,1,4.83,182.5,31.27
2010,3K,Female,2,28.48,0.36,28.48,1,433.91,141.29,15.24
2010,3K,Female,3,48.53,0.61,48.53,1,908.75,151.17,18.72
2010,3K,Female,4,3.2,0.04,3.2,1,72.5,160.82,22.63
2010,3K,Male,2,16.96,0.21,16.96,1,406.18,159.57,23.95
2010,3K,Male,3,61.48,0.75,61.48,1,1614.63,164.41,26.26
2010,3K,Male,4,3.55,0.04,3.55,1,108.03,172.35,30.44
2010,3L,Female,2,238.61,0.61,238.61,1,3512.67,140.82,14.72
2010,3L,Female,3,150.51,0.38,150.51,1,2688.01,149.16,17.86
2010,3L,Female,4,4.01,0.01,4.01,1,91.35,160.64,22.77
2010,3L,Male,2,83.77,0.35,82.05,0.98,1801.55,156.48,21.51
2010,3L,Male,3,157.22,0.65,156.81,1,3792.42,162.59,24.12
2010,3L,Male,4,1.53,0.01,1.53,1,41,169.17,26.87
2011,3K,Female,2,94.32,0.42,94.27,1,1458.5,142.5,15.46
2011,3K,Female,3,105.03,0.46,105.01,1,2019.77,152.8,19.23
2011,3K,Female,4,26,0.11,26,1,600.85,162.28,23.11
2011,3K,Female,5,0.87,0,0.87,1,20.74,164.03,23.91
2011,3K,Male,2,32.84,0.21,32.44,0.99,742.35,158.97,22.6
2011,3K,Male,3,111.82,0.71,111.52,1,2887.8,165.77,25.83
2011,3K,Male,4,11.87,0.08,11.87,1,343.66,171.99,28.95
2011,3K,Male,5,0.2,0,0.2,1,6.33,177.5,31.9
2011,3L,Female,2,220.21,0.5,220.21,1,2936.48,139,13.33
2011,3L,Female,3,198.16,0.45,198.16,1,3073.15,146.49,15.51
2011,3L,Female,4,19.02,0.04,19.02,1,383.65,161.28,20.17
2011,3L,Female,5,1.23,0,1.23,1,25.34,162.82,20.67
2011,3L,Male,2,78.08,0.31,75.89,0.97,1591.31,157.45,20.38
2011,3L,Male,3,154.7,0.62,153.1,0.99,3570.1,163.89,23.08
2011,3L,Male,4,17.19,0.07,17,0.99,442.97,170.09,25.77
2012,3K,Female,2,179.6,0.56,179.53,1,2789.8,141.92,15.53
2012,3K,Female,3,125.83,0.4,125.78,1,2650.09,157.12,21.06
2012,3K,Female,4,12.87,0.04,12.87,1,325.74,168.07,25.31
2012,3K,Female,5,0.13,0,0.13,1,3.72,182.5,29.36
2012,3K,Male,2,31.09,0.19,30.95,1,802.9,164.09,25.83
2012,3K,Male,3,111.31,0.68,111.31,1,3349.8,172.85,30.09
2012,3K,Male,4,20.42,0.12,20.42,1,676.27,178.79,33.11
2012,3K,Male,5,1.46,0.01,1.46,1,54.66,187.26,37.55
2012,3L,Female,2,265.68,0.67,265.27,1,3819.39,139.54,14.38
2012,3L,Female,3,116.76,0.29,116.75,1,2363.68,155.49,20.24
2012,3L,Female,4,16.65,0.04,16.65,1,425.6,168.2,25.56
2012,3L,Female,5,0.28,0,0.28,1,8.69,179.83,30.91
2012,3L,Male,2,41.22,0.23,41.12,1,988.46,161.77,23.98
2012,3L,Male,3,116.94,0.66,116.92,1,3389.8,171.84,28.99
2012,3L,Male,4,19.66,0.11,19.66,1,643.08,178.99,32.72
2012,3L,Male,5,0.16,0,0.16,1,6.29,192.5,39.82
2013,3K,Female,2,102.94,0.35,102.94,1,1641.39,143.26,15.94
2013,3K,Female,3,180.64,0.62,180.64,1,4253.14,161.12,23.54
2013,3K,Female,4,8.72,0.03,8.72,1,264.92,174.76,30.39
2013,3K,Female,5,0.15,0,0.15,1,5.68,197.5,38.9
2013,3K,Male,2,9.02,0.06,9.02,1,216.58,160.29,24.01
2013,3K,Male,3,131.96,0.9,131.96,1,4712.09,182.04,35.71
2013,3K,Male,4,5.98,0.04,5.98,1,237.2,188.51,39.66
2013,3L,Female,2,225.44,0.53,225.44,1,3513.46,141.77,15.58
2013,3L,Female,3,188.66,0.45,188.66,1,4400.07,160.54,23.32
2013,3L,Female,4,8.53,0.02,8.53,1,242.19,170.99,28.4
2013,3L,Male,2,32.79,0.24,32.29,0.98,757.91,160.29,23.11
2013,3L,Male,3,102.23,0.74,102.16,1,3366.85,177.64,32.93
2013,3L,Male,4,3.87,0.03,3.87,1,143.52,184.31,37.1
2014,3K,Female,2,12.45,0.07,12.45,1,205.18,145.34,16.48
2014,3K,Female,3,141.79,0.76,141.79,1,3779.6,168.25,26.66
2014,3K,Female,4,33.43,0.18,33.43,1,1075.74,178.8,32.18
2014,3K,Male,2,2.42,0.02,2.36,0.98,65.45,166.92,27.09
2014,3K,Male,3,108.39,0.84,108.28,1,3912.85,182.16,36.1
2014,3K,Male,4,17.88,0.14,17.88,1,769.18,192.85,43.01
2014,3L,Female,2,13.64,0.06,13.64,1,214.15,142.83,15.7
2014,3L,Female,3,180.19,0.79,180.19,1,4643.32,166.59,25.77
2014,3L,Female,4,32.87,0.14,32.87,1,1061.74,179.18,32.31
2014,3L,Male,2,3.54,0.02,3.16,0.89,82.49,160.58,23.32
2014,3L,Male,3,171.45,0.84,171.38,1,6149.38,182.42,35.87
2014,3L,Male,4,28.48,0.14,28.48,1,1178.18,190.84,41.36
2014,3L,Male,5,0.76,0,0.76,1,35.75,199.15,47
2015,3K,Female,1,0.28,0,0,0,1.85,112.5,6.6
2015,3K,Female,2,64.06,0.23,61.78,0.96,893.24,137.96,13.94
2015,3K,Female,3,197.57,0.72,197.46,1,4462.77,160.63,22.59
2015,3K,Female,4,13.62,0.05,13.56,1,419.43,178.58,30.8
2015,3K,Female,5,0.1,0,0.1,1,3.67,192.5,35.56
2015,3K,Male,1,0.4,0,0,0,2.61,115.5,6.52
2015,3K,Male,2,7.62,0.04,4.93,0.65,126.63,144.29,16.62
2015,3K,Male,3,175.78,0.93,175.59,1,5740.3,177.57,32.66
2015,3K,Male,4,5.83,0.03,5.83,1,224.51,188.11,38.5
2015,3L,Female,2,64.03,0.28,64.03,1,877.35,137.31,13.7
2015,3L,Female,3,141.87,0.63,141.87,1,3096.59,158.95,21.83
2015,3L,Female,4,18.72,0.08,18.72,1,555.41,176.37,29.66
2015,3L,Female,5,0.63,0,0.63,1,21.21,188.4,33.75
2015,3L,Male,1,0.11,0,0,0,0.51,107.5,4.5
2015,3L,Male,2,18.05,0.08,17.98,1,365.34,152.49,20.24
2015,3L,Male,3,176.53,0.81,176.49,1,5461.42,173.94,30.94
2015,3L,Male,4,22.72,0.1,22.72,1,802.97,182.01,35.34
2015,3L,Male,5,0.22,0,0.22,1,9.22,192.5,41.49
2016,3K,Female,2,48.94,0.16,48.9,1,714.41,141.19,14.6
2016,3K,Female,3,226.4,0.74,226.29,1,4377.49,155.66,19.33
2016,3K,Female,4,31.87,0.1,31.87,1,786.98,170.03,24.69
2016,3K,Female,5,0.28,0,0.28,1,7.75,177.5,27.56
2016,3K,Male,2,20.49,0.1,20.32,0.99,435.51,156.17,21.25
2016,3K,Male,3,158.65,0.79,158.05,1,4113.46,168.12,25.93
2016,3K,Male,4,21.03,0.11,21.03,1,667.41,181.41,31.73
2016,3L,Female,2,145.34,0.29,144.78,1,1865.23,137.06,12.83
2016,3L,Female,3,346.54,0.68,346.54,1,6574.08,155.22,18.97
2016,3L,Female,4,16.92,0.03,16.92,1,436.76,173.07,25.81
2016,3L,Female,5,0.28,0,0.28,1,6.84,187.5,24.76
2016,3L,Male,2,38.53,0.13,35.9,0.93,719.27,152.45,18.67
2016,3L,Male,3,241.2,0.79,240.58,1,6242.34,168.75,25.88
2016,3L,Male,4,24.24,0.08,24.22,1,760.48,180.21,31.37
2017,3K,Female,2,136.68,0.86,136.62,1,1851.85,137.73,13.55
2017,3K,Female,3,21.32,0.13,21.31,1,349.79,147.02,16.41
2017,3K,Female,4,1.7,0.01,1.7,1,33.65,156.29,19.81
2017,3K,Male,2,42.59,0.58,41.67,0.98,848.48,153.29,19.92
2017,3K,Male,3,29.57,0.4,29.19,0.99,644.35,158.41,21.79
2017,3K,Male,4,1.36,0.02,1.35,0.99,33.87,166.95,24.91
2017,3L,Female,2,489.38,0.85,489.38,1,6780.78,137.73,13.86
2017,3L,Female,3,84.19,0.15,84.19,1,1437.15,147.9,17.07
2017,3L,Female,4,1.77,0,1.77,1,36.95,159.18,20.84
2017,3L,Male,2,233.53,0.64,233.11,1,4859.18,154.1,20.81
2017,3L,Male,3,127.74,0.35,127.68,1,2932.76,159.69,22.96
2017,3L,Male,4,4,0.01,4,1,108.17,170.37,27.02
2018,3K,Female,2,130.68,0.53,130.68,1,2029.47,141.37,15.53
2018,3K,Female,3,115.91,0.47,115.91,1,2365.44,155.26,20.41
2018,3K,Female,4,1.91,0.01,1.91,1,42.35,160.17,22.14
2018,3K,Male,2,32.84,0.19,32.84,1,784.33,159.27,23.88
2018,3K,Male,3,137.22,0.8,137.22,1,3814,168.01,27.8
2018,3K,Male,4,0.98,0.01,0.98,1,32.41,178.77,33.01
2018,3L,Female,2,220.28,0.72,220.28,1,3436.9,140.79,15.6
2018,3L,Female,3,82.65,0.27,82.65,1,1757.8,155.41,21.27
2018,3L,Female,4,2.84,0.01,2.84,1,70.99,163.62,24.95
2018,3L,Female,5,0.13,0,0.13,1,3.81,172.5,29.51
2018,3L,Male,2,75.43,0.37,75.43,1,1849.82,160.37,24.52
2018,3L,Male,3,125.22,0.62,125.22,1,3545.06,168.05,28.31
2018,3L,Male,4,2.69,0.01,2.69,1,85.61,174.64,31.86
2019,3K,Female,2,34.22,0.28,34.22,1,517.63,144.23,15.13
2019,3K,Female,3,78.55,0.64,78.55,1,1591.83,158.7,20.26
2019,3K,Female,4,10.71,0.09,10.71,1,259.72,168.75,24.25
2019,3K,Female,5,0.08,0,0.08,1,2.08,177.5,26.77
2019,3K,Male,2,14.72,0.09,14.72,1,344.69,160.63,23.42
2019,3K,Male,3,137.56,0.83,137.46,1,3749.67,170.13,27.26
2019,3K,Male,4,12.24,0.07,12.2,1,373.74,177.85,30.54
2019,3K,Male,5,0.24,0,0.24,1,7.64,182.5,32.49
2019,3L,Female,2,224.39,0.6,224.25,1,3329.21,141.07,14.84
2019,3L,Female,3,131.63,0.35,131.63,1,2815.17,157.98,21.39
2019,3L,Female,4,18.23,0.05,18.23,1,459.77,166.62,25.23
2019,3L,Female,5,0.32,0,0.32,1,8.87,172.5,28.12
2019,3L,Male,2,81.6,0.34,79.71,0.98,1780.42,156.13,21.82
2019,3L,Male,3,151.36,0.62,151.01,1,4250.11,168.98,28.08
2019,3L,Male,4,10.49,0.04,10.47,1,330.45,175.66,31.5
2020,3K,Female,2,52.93,0.4,52.86,1,747.71,140.36,14.13
2020,3K,Female,3,62.88,0.47,62.84,1,1312.67,159.19,20.88
2020,3K,Female,4,16.61,0.13,16.61,1,390.24,165.38,23.49
2020,3K,Female,5,0.46,0,0.46,1,13.9,180.52,30.23
2020,3K,Male,2,28.21,0.36,27.69,0.98,598.33,157.07,21.21
2020,3K,Male,3,43.66,0.56,43.54,1,1152.08,168.42,26.39
2020,3K,Male,4,6.23,0.08,6.23,1,180.07,173.68,28.9
2020,3L,Female,2,180.57,0.85,180.57,1,2673.6,NA,14.81
2020,3L,Female,3,25.4,0.12,25.4,1,523.81,NA,20.62
2020,3L,Female,4,5.83,0.03,5.83,1,137.63,NA,23.61
2020,3L,Female,5,0.32,0,0.32,1,8.22,NA,25.32
2020,3L,Male,2,90.63,0.55,90.24,1,2005.84,NA,22.13
2020,3L,Male,3,66.33,0.4,66.24,1,1685.42,NA,25.41
2020,3L,Male,4,7.6,0.05,7.6,1,231.13,NA,30.43
2020,3L,Male,5,0.16,0,0.16,1,5.35,NA,34.1
2021,3K,Female,1,0.42,0,0.42,1,6.45,142.5,15.35
2021,3K,Female,2,56.89,0.48,56.54,0.99,980.52,147.53,17.24
2021,3K,Female,3,53.35,0.45,53.33,1,1214.39,161.51,22.76
2021,3K,Female,4,7.83,0.07,7.83,1,201.53,168.71,25.75
2021,3K,Female,5,0.11,0,0.11,1,3.11,177.5,29.5
2021,3K,Male,Unknown,0.27,0,0,0,1.81,119.5,6.8
2021,3K,Male,2,37.21,0.36,35.54,0.96,999.23,166.74,26.85
2021,3K,Male,3,57.61,0.56,57.27,0.99,1852.6,175.96,32.16
2021,3K,Male,4,6.93,0.07,6.92,1,230.37,177.98,33.24
2021,3L,Female,Unknown,0.11,0,0.11,1,3.6,192.5,32.7
2021,3L,Female,2,164.29,0.77,164.11,1,2820.71,146.91,17.17
2021,3L,Female,3,45.97,0.22,45.86,1,1031.06,161.18,22.43
2021,3L,Female,4,1.9,0.01,1.9,1,50.05,170.83,26.36
2021,3L,Female,5,0.15,0,0.15,1,4.42,177.5,28.61
2021,3L,Male,Unknown,0.1,0,0.1,1,14.2,272.5,148.38
2021,3L,Male,1,0.21,0,0.05,0.22,1.37,117.16,6.45
2021,3L,Male,2,86.86,0.55,83.8,0.96,2276.23,164.85,26.21
2021,3L,Male,3,62.98,0.4,62.73,1,1966.64,173.8,31.22
2021,3L,Male,4,8.42,0.05,8.4,1,287.71,179.02,34.17
