year,stratum,age,mean.wt,weight,abundance,abun_LL,abun_UL,biomass,bio_LL,bio_UL,prop_mat,mature,prop_mat_LL,prop_mat_UL
1999,T,Unknown,5.3,12.07,0,0,0,0,0,0,0.5,0,0,0
1999,T,2,5.3,7.59,3600.453509,912.9258217,7636.729038,27327.44213,6929.106987,57962.7734,0.21,756.0952368,191.7144226,1603.713098
1999,T,3,5.3,13.97,409.1424442,103.7415706,867.8101179,5715.719945,1449.269742,12123.30735,0.8,327.3139553,82.99325652,694.2480943
1999,T,4,5.3,15.94,40.91424442,10.37415706,86.78101179,652.173056,165.3640636,1383.289328,1,40.91424442,10.37415706,86.78101179
2000,T,2,6.9,10.79,10696.90231,5202.203806,17383.80084,115419.576,56131.77907,187571.2111,0.72,7701.769666,3745.58674,12516.33661
2000,T,3,6.9,18.44,2166.461228,1053.610897,3520.769791,39949.54505,19428.58495,64922.99495,0.98,2123.132004,1032.538679,3450.354395
2000,T,4,6.9,16.77,677.0191338,329.2534054,1100.24056,11353.61087,5521.579609,18451.03419,1,677.0191338,329.2534054,1100.24056
2000,T,5,6.9,21.8,135.4038268,65.85068109,220.0481119,2951.803423,1435.544848,4797.04884,1,135.4038268,65.85068109,220.0481119
2001,T,Unknown,13.1,1.99,0,0,0,0,0,0,0,0,0,0
2001,T,1,13.1,1.84,350.080935,113.5900697,1174.962041,644.1489204,209.0057282,2161.930155,0,0,0,0
2001,T,2,13.1,6.61,3617.502995,1173.764053,12141.27442,23911.6948,7758.580393,80253.82394,0.38,1374.651138,446.0303403,4613.684281
2001,T,3,13.1,17.89,1517.017385,492.2236353,5091.502177,27139.44102,8805.880836,91086.97396,1,1517.017385,492.2236353,5091.502177
2001,T,4,13.1,18.74,291.7341125,94.65839141,979.1350341,5467.097268,1773.898255,18348.99054,1,291.7341125,94.65839141,979.1350341
2001,T,5,13.1,23.05,0,0,0,0,0,0,1,0,0,0
2002,T,Unknown,6,1.61,130.522697,96.2612522,181.9504225,210.1415422,154.980616,292.9401802,0,0,0,0
2002,T,1,6,1.13,186.4609957,137.5160746,259.9291749,210.7009251,155.3931643,293.7199677,0,0,0,0
2002,T,2,6,5.9,932.3049785,687.5803728,1299.645875,5500.599373,4056.7242,7667.910661,0.37,344.9528421,254.4047379,480.8689737
2002,T,3,6,16.79,578.0290867,426.2998312,805.7804423,9705.108365,7157.574165,13529.05363,0.98,566.4685049,417.7738345,789.6648335
2002,T,4,6,15.58,37.29219914,27.50321491,51.98583499,581.0124626,428.5000883,809.9393091,1,37.29219914,27.50321491,51.98583499
2002,T,5,6,19.4,0,0,0,0,0,0,1,0,0,0
2003,T,2,8.6,8.26,1514.524213,878.8040914,2981.265295,12509.97,7258.921795,24625.25134,0.49,742.1168642,430.6140048,1460.819995
2003,T,3,8.6,16.52,83.21561608,48.28593909,163.8057854,1374.721978,797.6837137,2706.071576,0.93,77.39052295,44.90592335,152.3393805
2003,T,4,8.6,18.49,16.64312322,9.657187818,32.76115709,307.7313483,178.5614027,605.7537946,0.97,16.14382952,9.367472183,31.77832238
2003,T,1,8.6,2.21,49.92936965,28.97156345,98.28347127,110.3439069,64.02715523,217.2064715,0.01,0.499293696,0.289715635,0.982834713
2004,T,3,12.1,17.73,253.167994,28.35061674,1419.871559,4488.668533,502.6564347,25174.32273,1,253.167994,28.35061674,1419.871559
2004,T,4,12.1,21.49,21.09733283,2.362551395,118.3226299,453.3816826,50.77122947,2542.753316,1,21.09733283,2.362551395,118.3226299
2004,T,1,12.1,2,0,0,0,0,0,0,0,0,0,0
2004,T,2,12.1,8.19,770.0526484,86.23312591,4318.775991,6306.73119,706.2493012,35370.77536,0.51,392.7268507,43.97889421,2202.575755
2005,T,2,16.4,12.72,887.9665348,453.0583239,1500.39985,11294.93432,5762.90188,19085.0861,0.67,594.9375783,303.549077,1005.2679
2005,T,5,16.4,22.14,0,0,0,0,0,0,1,0,0,0
2005,T,3,16.4,18.14,1319.950254,673.4650761,2230.324102,23943.89762,12216.65648,40458.07921,0.97,1280.351747,653.2611238,2163.414379
2005,T,4,16.4,16.29,167.9936687,85.71373695,283.8594312,2736.616864,1396.276775,4624.070133,0.99,166.3137321,84.85659958,281.0208368
2007,T,1,10.9,4.27,88.2612757,24.82645523,608.1312725,376.8756473,106.0089638,2596.720533,0,0,0,0
2007,T,3,10.9,14.61,912.0331823,256.5400374,6284.023149,13324.80479,3748.049946,91809.5782,0.99,902.9128504,253.974637,6221.182917
2007,T,4,10.9,20.21,205.9429766,57.92839554,1418.972969,4162.107558,1170.732874,28677.4437,0.99,203.8835469,57.34911158,1404.783239
2007,T,2,10.9,7.86,1735.805089,488.2536195,11959.91503,13643.428,3837.673449,94004.9321,0.64,1110.915257,312.4823165,7654.345616
2008,T,1,5.7,2.56,6801.067447,4360.841497,11055.7374,17410.73266,11163.75423,28302.68773,0.01,68.01067447,43.60841497,110.557374
2008,T,4,5.7,21.6,0,0,0,0,0,0,1,0,0,0
2008,T,2,5.7,9.14,2473.115435,1585.760544,4020.268144,22604.27508,14493.85137,36745.25084,0.58,1434.406953,919.7411157,2331.755523
2008,T,3,5.7,18.42,1030.464765,660.7335601,1675.111727,18981.16097,12170.71218,30855.558,1,1030.464765,660.7335601,1675.111727
2009,T,Unknown,6.7,15.98,26.81084613,22.9001283,32.48738865,428.4373211,365.9440502,519.1484706,0.8,21.4486769,18.32010264,25.98991092
2009,T,1,6.7,3.05,911.5687684,778.6043622,1104.571214,2780.284744,2374.743305,3368.942203,0.04,36.46275073,31.14417449,44.18284856
2009,T,4,6.7,22.92,53.62169226,45.8002566,64.9747773,1229.009187,1049.741881,1489.221896,1,53.62169226,45.8002566,64.9747773
2009,T,2,6.7,6.81,1367.353153,1167.906543,1656.856821,9311.674969,7953.443559,11283.19495,0.52,711.0236393,607.3114025,861.565547
2009,T,3,6.7,16.85,348.5409997,297.7016679,422.3360524,5872.915844,5016.273104,7116.362484,0.99,345.0555897,294.7246512,418.1126919
2010,T,Unknown,7.9,3.96,0,0,0,0,0,0,0,0,0,0
2010,T,2,7.9,7.69,6678.59201,1003.215963,46172.59879,51358.37256,7714.730753,355067.2847,0.38,2537.864964,381.2220658,17545.58754
2010,T,3,7.9,14.99,1113.098668,167.2026604,7695.433131,16685.34904,2506.36788,115354.5426,0.97,1079.705708,162.1865806,7464.570137
2010,T,1,7.9,3.52,1484.131558,222.9368806,10260.57751,5224.143084,784.7378197,36117.23283,0,0,0,0
2011,T,1,5.7,2.33,942.1686159,640.7864948,1371.383446,2195.252875,1493.032533,3195.323428,0,0,0,0
2011,T,4,5.7,26,0,0,0,0,0,0,1,0,0,0
2011,T,2,5.7,5.78,7451.697235,5068.038641,10846.39634,43070.81002,29293.26334,62692.17086,0.15,1117.754585,760.2057961,1626.959451
2011,T,3,5.7,16.61,171.3033847,116.5066354,249.3424446,2845.34922,1935.175214,4141.578005,1,171.3033847,116.5066354,249.3424446
2012,T,1,9.2,3.9,0,0,0,0,0,0,0,0,0,0
2012,T,2,9.2,7.47,1606.297716,1132.499315,2636.388057,11999.04394,8459.769882,19693.81878,0.18,289.1335889,203.8498767,474.5498502
2012,T,3,9.2,16.78,264.5666827,186.5292989,434.2286211,4439.428935,3129.961636,7286.356262,0.96,253.9840153,179.068127,416.8594762
2012,T,4,9.2,24.18,18.89762019,13.32352135,31.01633008,456.9444562,322.1627463,749.9748613,1,18.89762019,13.32352135,31.01633008
2013,T,1,9.7,3.72,11.23592913,4.840299748,31.25653641,41.79765635,18.00591506,116.2743155,0,0,0,0
2013,T,2,9.7,8.11,443.8192005,191.19184,1234.633188,3599.373716,1550.565823,10012.87516,0.2,88.7638401,38.23836801,246.9266377
2013,T,3,9.7,16.94,106.7413267,45.98284761,296.9370959,1808.198074,778.9494385,5030.114405,0.78,83.25823483,35.86662113,231.6109348
2017,T,1,8.9,2.16,24.7690332,15.738216,41.9666412,53.50111171,33.99454656,90.64794499,0.04,0.990761328,0.62952864,1.678665648
2017,T,2,8.9,7.74,346.7664648,220.335024,587.5329768,2683.972438,1705.393086,4547.50524,0.66,228.8658668,145.4211158,387.7717647
2017,T,3,8.9,16.51,247.690332,157.38216,419.666412,4089.367381,2598.379462,6928.692462,1,247.690332,157.38216,419.666412
2018,T,2,NA,7.39,1849.27988,1111.737616,2770.102942,13666.17831,8215.740985,20471.06074,0.41,758.2047508,455.8124227,1135.742206
2018,T,3,NA,17.1,1027.377711,617.6320091,1538.946079,17568.15886,10561.50736,26315.97795,1,1027.377711,617.6320091,1538.946079
2018,T,4,NA,24.85,0,0,0,0,0,0,1,0,0,0
2018,T,Unknown,NA,0.7,0,0,0,0,0,0,0,0,0,0
2018,T,1,NA,2.74,547.9347792,329.4037382,820.771242,1501.341295,902.5662427,2248.913203,0,0,0,0
2019,T,3,NA,15.33,303.87178,275.0996807,339.732587,4658.354387,4217.278105,5208.100559,0.96,291.7169088,264.0956935,326.1432835
2019,T,4,NA,24.44,0,0,0,0,0,0,1,0,0,0
2019,T,1,NA,1.98,84.40882777,76.41657797,94.37016305,167.129479,151.3048244,186.8529228,0,0,0,0
2019,T,2,NA,7.69,1283.014182,1161.531985,1434.426478,9866.37906,8932.180966,11030.73962,0.43,551.6960983,499.4587536,616.8033857
